group_id,group_name,assoc_techniques
 G0018 , admin@338 ,"['T1087.001', 'T1059.003', 'T1203', 'T1083', 'T1036.005', 'T1069.001', 'T1566.001', 'T1082', 'T1016', 'T1049', 'T1007', 'T1204.002']"
 G1030 , Agrius ,"['T1583', 'T1560.001', 'T1119', 'T1110', 'T1110.003', 'T1059.003', 'T1543.003', 'T1005', 'T1074.001', 'T1140', 'T1041', 'T1190', 'T1562.001', 'T1570', 'T1036', 'T1046', 'T1003.001', 'T1046.002', 'T1021.001', 'T1018', 'T1505.003', 'T1078.002']"
 G0130 , Ajax Security Team ,"['T1555.003', 'T1105', 'T1056.001', 'T1566.001', 'T1105.003', 'T1204.002']"
 G1024 , Akira ,"['T1531', 'T1560.001', 'T1486', 'T1213.002', 'T1482', 'T1567.002', 'T1133', 'T1657', 'T1219', 'T1018', 'T1078']"
 G1000 , ALLANITE ,"['T0817', 'T0852', 'T0865', 'T0859']"
 G0138 , Andariel ,"['T1005', 'T1189', 'T1203', 'T1592.002', 'T1590.005', 'T1105', 'T1027.003', 'T1588.001', 'T1566.001', 'T1057', 'T1049', 'T1204.002']"
 G1007 , Aoqin Dragon ,"['T1587.001', 'T1203', 'T1083', 'T1570', 'T1036.005', 'T1027.002', 'T1588.002', 'T1091', 'T1204.002']"
 G1028 , APT-C-23 ,"['T1655.001', 'T1660', 'T1422']"
 G0099 , APT-C-36 ,"['T1059.005', 'T1105', 'T1036.004', 'T1571', 'T1027', 'T1588.002', 'T1566.001', 'T1053.005', 'T1204.002']"
 G0006 , APT1 ,"['T1087.001', 'T1583.001', 'T1560.001', 'T1119', 'T1059.003', 'T1584.001', 'T1005', 'T1114.001', 'T1005.002', 'T1585.002', 'T1036.005', 'T1135', 'T1588.001', 'T1135.002', 'T1003.001', 'T1566.001', 'T1135.002', 'T1057', 'T1021.001', 'T1016', 'T1049', 'T1007', 'T1550.002']"
 G0005 , APT12 ,"['T1568.003', 'T1203', 'T1566.001', 'T1204.002', 'T1102.002']"
 G0023 , APT16 ,['T1584.004']
 G0025 , APT17 ,"['T1583.006', 'T1585']"
 G0026 , APT18 ,"['T1071.001', 'T1585.004', 'T1547.001', 'T1059.003', 'T1133', 'T1083', 'T1070.004', 'T1105', 'T1027.013', 'T1053.002', 'T1082', 'T1078']"
 G0073 , APT19 ,"['T1071.001', 'T1547.001', 'T1059', 'T1059.001', 'T1543.003', 'T1132.001', 'T1140', 'T1189', 'T1564.003', 'T1574.002', 'T1112', 'T1027.010', 'T1112.013', 'T1588.002', 'T1566.001', 'T1218.010', 'T1112.011', 'T1082', 'T1016', 'T1033', 'T1204.002']"
 G0007 , APT28 ,"['T1134.001', 'T1098.002', 'T1583.001', 'T1033.003', 'T1033.006', 'T1595.002', 'T1557.004', 'T1071.001', 'T1033.003', 'T1560', 'T1560.001', 'T1119', 'T1547.001', 'T1037.001', 'T1110', 'T1110.001', 'T1110.003', 'T1059.001', 'T1110.003', 'T1092', 'T1586.002', 'T1584.008', 'T1213', 'T1213.002', 'T1005', 'T1039', 'T1025', 'T1001.001', 'T1074.001', 'T1025.002', 'T1030', 'T1140', 'T1189', 'T1114.002', 'T1573.001', 'T1546.015', 'T1048.002', 'T1567', 'T1190', 'T1203', 'T1211', 'T1068', 'T1210', 'T1133', 'T1083', 'T1589.001', 'T1564.001', 'T1083.003', 'T1070.001', 'T1083.004', 'T1083.006', 'T1105', 'T1056.001', 'T1559.002', 'T1036', 'T1036.005', 'T1498', 'T1040', 'T1027.013', 'T1588.002', 'T1137.002', 'T1003', 'T1003.001', 'T1003.003', 'T1120', 'T1566.001', 'T1598', 'T1598.003', 'T1542.003', 'T1057', 'T1090.002', 'T1057.003', 'T1021.002', 'T1091', 'T1014', 'T1113', 'T1505.003', 'T1528', 'T1218.011', 'T1221', 'T1199', 'T1550.001', 'T1199.002', 'T1204.001', 'T1199.002', 'T1078', 'T1078.004', 'T1102.002']"
 G0016 , APT29 ,"['T1548.002', 'T1087.002', 'T1078.004', 'T1098.001', 'T1078.002', 'T1078.003', 'T1078.005', 'T1583.001', 'T1078.006', 'T1595.002', 'T1071.001', 'T1560.001', 'T1547.001', 'T1037', 'T1037.004', 'T1110.001', 'T1037.003', 'T1651', 'T1059.001', 'T1651.003', 'T1651.005', 'T1651.006', 'T1651.009', 'T1586.002', 'T1651.003', 'T1584.001', 'T1136.003', 'T1555.003', 'T1213', 'T1213.003', 'T1005', 'T1001.002', 'T1074.002', 'T1140', 'T1587.001', 'T1140.003', 'T1484.002', 'T1482', 'T1568', 'T1114.002', 'T1573', 'T1585.001', 'T1546.003', 'T1573.008', 'T1048.002', 'T1190', 'T1203', 'T1068', 'T1133', 'T1083', 'T1606.001', 'T1083.002', 'T1589.001', 'T1665', 'T1562.001', 'T1665.002', 'T1665.004', 'T1665.008', 'T1070.004', 'T1665.006', 'T1665.008', 'T1105', 'T1036.004', 'T1105.005', 'T1556.007', 'T1621', 'T1027.001', 'T1621.002', 'T1621.003', 'T1621.006', 'T1588.002', 'T1003.002', 'T1621.004', 'T1621.006', 'T1069.002', 'T1566.001', 'T1621.002', 'T1621.003', 'T1057', 'T1090.001', 'T1057.002', 'T1057.003', 'T1057.004', 'T1021.001', 'T1057.002', 'T1057.006', 'T1057.007', 'T1018', 'T1053.005', 'T1505.003', 'T1528', 'T1649', 'T1558.003', 'T1539', 'T1553.002', 'T1539.005', 'T1195.002', 'T1218.005', 'T1539.011', 'T1082', 'T1016.001', 'T1199', 'T1552.004', 'T1550.001', 'T1199.003', 'T1199.004', 'T1204.001', 'T1199.002', 'T1078', 'T1078.002', 'T1078.003', 'T1078.004', 'T1102.002', 'T1047']"
 G0022 , APT3 ,"['T1087.001', 'T1098.007', 'T1560.001', 'T1547.001', 'T1110.002', 'T1059.001', 'T1047.003', 'T1136.001', 'T1543.003', 'T1555.003', 'T1005', 'T1074.001', 'T1546.008', 'T1041', 'T1203', 'T1083', 'T1564.003', 'T1574.002', 'T1070.004', 'T1105', 'T1056.001', 'T1036.010', 'T1104', 'T1095', 'T1027', 'T1027.002', 'T1027.005', 'T1003.001', 'T1069', 'T1566.002', 'T1057', 'T1090.002', 'T1021.001', 'T1057.002', 'T1018', 'T1053.005', 'T1218.011', 'T1082', 'T1016', 'T1049', 'T1033', 'T1552.001', 'T1204.001', 'T1078.002']"
 G0013 , APT30 ,"['T1566.001', 'T1204.002']"
 G0050 , APT32 ,"['T1087.001', 'T1583.001', 'T1033.006', 'T1071.001', 'T1033.003', 'T1560', 'T1547.001', 'T1059', 'T1059.001', 'T1059.003', 'T1059.005', 'T1059.007', 'T1543.003', 'T1189', 'T1585.001', 'T1048.003', 'T1041', 'T1203', 'T1068', 'T1083', 'T1222.002', 'T1589', 'T1589.002', 'T1564.001', 'T1589.003', 'T1589.004', 'T1574.002', 'T1070.001', 'T1589.004', 'T1589.006', 'T1105', 'T1056.001', 'T1570', 'T1036', 'T1036.003', 'T1036.004', 'T1036.005', 'T1112', 'T1046', 'T1135', 'T1571', 'T1027.001', 'T1571.010', 'T1571.011', 'T1571.013', 'T1588.002', 'T1137', 'T1003', 'T1003.001', 'T1566.001', 'T1003.002', 'T1598.003', 'T1055', 'T1012', 'T1021.002', 'T1018', 'T1053.005', 'T1505.003', 'T1072', 'T1608.001', 'T1072.004', 'T1218.005', 'T1072.010', 'T1072.011', 'T1082', 'T1016', 'T1049', 'T1033', 'T1216.001', 'T1569.002', 'T1552.002', 'T1550.002', 'T1033.003', 'T1204.001', 'T1033.002', 'T1078.003', 'T1102', 'T1047']"
 G0064 , APT33 ,"['T1071.001', 'T1560.001', 'T1547.001', 'T1110.003', 'T1059.001', 'T1047.005', 'T1555', 'T1555.003', 'T1132.001', 'T1573.001', 'T1546.003', 'T1048.003', 'T1203', 'T1068', 'T1105', 'T1040', 'T1571', 'T1027.013', 'T1588.002', 'T1003.001', 'T1571.004', 'T1571.005', 'T1566.001', 'T1571.002', 'T1053.005', 'T1552.001', 'T1571.006', 'T1204.001', 'T1571.002', 'T1078', 'T1078.004', 'T0852', 'T0853', 'T0865']"
 G0067 , APT37 ,"['T1548.002', 'T1071.001', 'T1123', 'T1547.001', 'T1059', 'T1059.003', 'T1059.005', 'T1059.006', 'T1555.003', 'T1005', 'T1561.002', 'T1189', 'T1203', 'T1105', 'T1559.002', 'T1036.001', 'T1106', 'T1027', 'T1027.003', 'T1120', 'T1566.001', 'T1057', 'T1055', 'T1053.005', 'T1082', 'T1033', 'T1529', 'T1204.002', 'T1102.002']"
 G0082 , APT38 ,"['T1071.001', 'T1217', 'T1110', 'T1115', 'T1059.001', 'T1115.003', 'T1115.005', 'T1543.003', 'T1485', 'T1486', 'T1005', 'T1565.001', 'T1005.002', 'T1005.003', 'T1561.002', 'T1189', 'T1083', 'T1562.003', 'T1083.004', 'T1070.001', 'T1083.004', 'T1083.006', 'T1105', 'T1056.001', 'T1112', 'T1106', 'T1135', 'T1027.002', 'T1588.002', 'T1566.001', 'T1057', 'T1053.003', 'T1057.005', 'T1505.003', 'T1518.001', 'T1218.001', 'T1057.011', 'T1082', 'T1049', 'T1033', 'T1569.002', 'T1529', 'T1204.002']"
 G0087 , APT39 ,"['T1071.001', 'T1529.004', 'T1560.001', 'T1197', 'T1547.001', 'T1197.009', 'T1110', 'T1115', 'T1059', 'T1059.001', 'T1059.005', 'T1059.006', 'T1059.010', 'T1136.001', 'T1555', 'T1005', 'T1074.001', 'T1140', 'T1546.010', 'T1041', 'T1190', 'T1083', 'T1070.004', 'T1105', 'T1056', 'T1056.001', 'T1036.005', 'T1046', 'T1135', 'T1027.002', 'T1135.013', 'T1588.002', 'T1003', 'T1003.001', 'T1566.001', 'T1003.002', 'T1090.001', 'T1003.002', 'T1012', 'T1021.001', 'T1012.002', 'T1012.004', 'T1018', 'T1053.005', 'T1113', 'T1505.003', 'T1553.006', 'T1033', 'T1569.002', 'T1204.001', 'T1033.002', 'T1078', 'T1102.002']"
 G0096 , APT41 ,"['T1134', 'T1087.001', 'T1134.002', 'T1098.007', 'T1583.007', 'T1595.002', 'T1134.003', 'T1071.001', 'T1134.002', 'T1134.004', 'T1560.001', 'T1134.003', 'T1119', 'T1197', 'T1547.001', 'T1037', 'T1110', 'T1059.001', 'T1110.003', 'T1110.004', 'T1110.007', 'T1586.003', 'T1136.001', 'T1543.003', 'T1555', 'T1555.003', 'T1486', 'T1213.003', 'T1005', 'T1001.003', 'T1074.001', 'T1030', 'T1140', 'T1484.001', 'T1568.002', 'T1573.002', 'T1546.008', 'T1480.001', 'T1048.003', 'T1041', 'T1567.002', 'T1190', 'T1203', 'T1133', 'T1008', 'T1083', 'T1574.001', 'T1083.002', 'T1083.006', 'T1562.006', 'T1656', 'T1070.001', 'T1656.003', 'T1656.004', 'T1105', 'T1056.001', 'T1570', 'T1036.004', 'T1570.005', 'T1112', 'T1104', 'T1599', 'T1046', 'T1135', 'T1027', 'T1027.002', 'T1027.013', 'T1588.002', 'T1027.003', 'T1003.001', 'T1027.002', 'T1027.003', 'T1069', 'T1566.001', 'T1542.003', 'T1055', 'T1090', 'T1012', 'T1021.001', 'T1012.002', 'T1018', 'T1496.001', 'T1014', 'T1053.005', 'T1596.005', 'T1593.002', 'T1594', 'T1505.003', 'T1553.002', 'T1195.002', 'T1218.001', 'T1594.011', 'T1082', 'T1016', 'T1049', 'T1033', 'T1569.002', 'T1550.002', 'T1078', 'T1102.001', 'T1047']"
 G1023 , APT5 ,"['T1098.007', 'T1560.001', 'T1059.001', 'T1047.003', 'T1554', 'T1136.001', 'T1074.001', 'T1190', 'T1083', 'T1562.006', 'T1070', 'T1070.003', 'T1070.004', 'T1070.006', 'T1056.001', 'T1654', 'T1036.005', 'T1003.001', 'T1654.002', 'T1057', 'T1055', 'T1021.001', 'T1055.004', 'T1053.003', 'T1505.003', 'T1049', 'T1078.002', 'T1049.004']"
 G0143 , Aquatic Panda ,"['T1087', 'T1595.002', 'T1560.001', 'T1059.001', 'T1087.003', 'T1087.004', 'T1543.003', 'T1005', 'T1574.001', 'T1005.006', 'T1562.001', 'T1070.001', 'T1005.003', 'T1005.004', 'T1105', 'T1654', 'T1036.004', 'T1654.005', 'T1112', 'T1027.010', 'T1588.001', 'T1112.002', 'T1003.001', 'T1021', 'T1021.001', 'T1021.002', 'T1021.004', 'T1518.001', 'T1218.011', 'T1082', 'T1033', 'T1007', 'T1550.002', 'T1078.002', 'T1047']"
 G0001 , Axiom ,"['T1583.002', 'T1047.003', 'T1560', 'T1584.005', 'T1005', 'T1001.002', 'T1189', 'T1546.008', 'T1190', 'T1203', 'T1003', 'T1566', 'T1563.002', 'T1021.001', 'T1553', 'T1078']"
 G0135 , BackdoorDiplomacy ,"['T1074.001', 'T1190', 'T1574.001', 'T1105', 'T1036.004', 'T1105.005', 'T1046', 'T1095', 'T1027', 'T1588.001', 'T1027.002', 'T1120', 'T1055.001', 'T1505.003', 'T1049']"
 G1002 , BITTER ,"['T1583.001', 'T1071.001', 'T1568', 'T1573', 'T1203', 'T1068', 'T1105', 'T1559.002', 'T1036.004', 'T1095', 'T1027.013', 'T1588.002', 'T1566.001', 'T1053.005', 'T1608.001', 'T1204.002', 'T1660']"
 G0063 , BlackOasis ,['T1027']
 G0098 , BlackTech ,"['T1190', 'T1203', 'T1574.002', 'T1036.002', 'T1106', 'T1046', 'T1588.002', 'T1046.003', 'T1046.004', 'T1566.001', 'T1046.002', 'T1021.004', 'T1204.001', 'T1046.002']"
 G0108 , Blue Mockingbird ,"['T1134', 'T1059.001', 'T1134.003', 'T1543.003', 'T1546.003', 'T1190', 'T1574.012', 'T1036.005', 'T1112', 'T1027.013', 'T1588.002', 'T1003.001', 'T1090', 'T1021.001', 'T1090.002', 'T1496.001', 'T1053.005', 'T1218.010', 'T1090.011', 'T1082', 'T1569.002', 'T1047']"
 G0097 , Bouncing Golf ,['T1655.001']
 G0060 , BRONZE BUTLER ,"['T1548.002', 'T1087.002', 'T1071.001', 'T1560.001', 'T1547.001', 'T1059.001', 'T1047.003', 'T1047.005', 'T1047.006', 'T1132.001', 'T1005', 'T1039', 'T1140', 'T1189', 'T1573.001', 'T1203', 'T1083', 'T1574.002', 'T1562.001', 'T1070.004', 'T1105', 'T1036', 'T1036.002', 'T1036.005', 'T1027.001', 'T1036.003', 'T1588.002', 'T1003.001', 'T1566.001', 'T1018', 'T1053.002', 'T1018.005', 'T1113', 'T1518', 'T1007', 'T1124', 'T1080', 'T1550.003', 'T1204.002', 'T1102.001']"
 G0008 , Carbanak ,"['T1543.003', 'T1562.004', 'T1036.004', 'T1080.005', 'T1588.002', 'T1219', 'T1218.011', 'T1078', 'T1102.002']"
 G0114 , Chimera ,"['T1087.001', 'T1078.002', 'T1071.001', 'T1078.004', 'T1560.001', 'T1119', 'T1217', 'T1110.003', 'T1217.004', 'T1059.001', 'T1217.003', 'T1213.002', 'T1039', 'T1074.001', 'T1039.002', 'T1482', 'T1114.001', 'T1482.002', 'T1041', 'T1567.002', 'T1133', 'T1083', 'T1589.001', 'T1574.002', 'T1070.001', 'T1083.004', 'T1083.006', 'T1105', 'T1570', 'T1036.005', 'T1556.001', 'T1111', 'T1106', 'T1046', 'T1135', 'T1027.010', 'T1588.002', 'T1003.003', 'T1201', 'T1069.001', 'T1057', 'T1572', 'T1012', 'T1021.001', 'T1012.002', 'T1012.006', 'T1018', 'T1053.005', 'T1082', 'T1016', 'T1049', 'T1033', 'T1007', 'T1569.002', 'T1124', 'T1550.002', 'T1078', 'T1078.002', 'T1047']"
 G1021 , Cinnamon Tempest ,"['T1059.001', 'T1047.003', 'T1047.006', 'T1543.003', 'T1140', 'T1484.001', 'T1567.002', 'T1190', 'T1657', 'T1574.001', 'T1657.002', 'T1105', 'T1588.002', 'T1572', 'T1090', 'T1021.002', 'T1080', 'T1078', 'T1078.002', 'T1047']"
 G0003 , Cleaver ,"['T1557.002', 'T1587.001', 'T1585.001', 'T1588.002', 'T1003.001']"
 G0080 , Cobalt Group ,"['T1548.002', 'T1071.001', 'T1047.004', 'T1547.001', 'T1037.001', 'T1059.001', 'T1047.003', 'T1047.005', 'T1047.007', 'T1543.003', 'T1573.002', 'T1203', 'T1068', 'T1070.004', 'T1105', 'T1559.002', 'T1046', 'T1027.010', 'T1588.002', 'T1566.001', 'T1046.002', 'T1055', 'T1572', 'T1219', 'T1021.001', 'T1053.005', 'T1518.001', 'T1195.002', 'T1218.003', 'T1219.008', 'T1219.010', 'T1204.001', 'T1219.002', 'T1220']"
 G0142 , Confucius ,"['T1583.006', 'T1071.001', 'T1119', 'T1547.001', 'T1059.001', 'T1119.005', 'T1041', 'T1567.002', 'T1203', 'T1083', 'T1105', 'T1566.001', 'T1105.002', 'T1053.005', 'T1218.005', 'T1082', 'T1221', 'T1204.001', 'T1221.002']"
 G0052 , CopyKittens ,"['T1560.001', 'T1221.003', 'T1059.001', 'T1564.003', 'T1588.002', 'T1090', 'T1553.002', 'T1218.011']"
 G1012 , CURIUM ,"['T1583.001', 'T1090.003', 'T1090.004', 'T1059.001', 'T1584.006', 'T1005', 'T1189', 'T1585.001', 'T1189.002', 'T1048.002', 'T1041', 'T1566.001', 'T1041.003', 'T1598.003', 'T1505.003', 'T1608.004', 'T1082', 'T1124', 'T1204.002']"
 G1027 , CyberAv3ngers ,"['T0812', 'T0814', 'T0883', 'T0826', 'T0828', 'T0829']"
 G1034 , Daggerfly ,"['T1071.001', 'T1059.001', 'T1584.004', 'T1136.001', 'T1587.002', 'T1189', 'T1574.002', 'T1105', 'T1036.003', 'T1003.002', 'T1012', 'T1053.005', 'T1553.002', 'T1195.002', 'T1218.011', 'T1082', 'T1204.001']"
 G0070 , Dark Caracal ,"['T1071.001', 'T1547.001', 'T1059.003', 'T1005', 'T1189', 'T1083', 'T1027.002', 'T1083.013', 'T1566.003', 'T1113', 'T1218.001', 'T1204.002', 'T1437.001']"
 G0012 , Darkhotel ,"['T1547.001', 'T1059.003', 'T1140', 'T1189', 'T1573.001', 'T1203', 'T1083', 'T1105', 'T1056.001', 'T1036.005', 'T1027.013', 'T1566.001', 'T1057', 'T1091', 'T1518.001', 'T1553.002', 'T1082', 'T1016', 'T1124', 'T1080', 'T1204.002', 'T1497', 'T1497.001', 'T1497.002']"
 G0079 , DarkHydrus ,"['T1059.001', 'T1187', 'T1564.003', 'T1588.002', 'T1566.001', 'T1221', 'T1204.002']"
 G0105 , DarkVishnya ,"['T1110', 'T1059.001', 'T1543.003', 'T1200', 'T1046', 'T1135', 'T1040', 'T1571', 'T1588.002', 'T1219']"
 G0009 , Deep Panda ,"['T1059.001', 'T1546.008', 'T1564.003', 'T1027.005', 'T1057', 'T1021.002', 'T1018', 'T1505.003', 'T1218.010', 'T1047']"
 G0035 , Dragonfly ,"['T1087.002', 'T1098.007', 'T1583.001', 'T1047.003', 'T1595.002', 'T1071.002', 'T1560', 'T1547.001', 'T1110', 'T1110.002', 'T1059', 'T1059.001', 'T1059.003', 'T1059.006', 'T1584.004', 'T1136.001', 'T1005', 'T1074.001', 'T1189', 'T1114.002', 'T1190', 'T1203', 'T1210', 'T1133', 'T1083', 'T1187', 'T1591.002', 'T1564.002', 'T1562.004', 'T1070.001', 'T1187.004', 'T1105', 'T1036.010', 'T1112', 'T1135', 'T1588.002', 'T1003.002', 'T1135.003', 'T1135.004', 'T1069.002', 'T1566.001', 'T1598.002', 'T1135.003', 'T1012', 'T1021.001', 'T1018', 'T1053.005', 'T1113', 'T1505.003', 'T1608.004', 'T1195.002', 'T1016', 'T1033', 'T1221', 'T1204.002', 'T1078', 'T0817', 'T0862']"
 G0017 , DragonOK ,[]
 G1006 , Earth Lusca ,"['T1548.002', 'T1098.004', 'T1583.001', 'T0862.004', 'T0862.006', 'T1595.002', 'T1560.001', 'T1547.012', 'T1059.001', 'T0862.005', 'T0862.006', 'T0862.007', 'T1584.004', 'T0862.006', 'T1543.003', 'T1140', 'T1482', 'T1189', 'T1567.002', 'T1190', 'T1210', 'T1574.002', 'T1036.005', 'T1112', 'T1027', 'T1027.003', 'T1588.001', 'T1027.002', 'T1003.001', 'T1027.006', 'T1566.002', 'T1057', 'T1090', 'T1018', 'T1053', 'T1608.001', 'T1218.005', 'T1016', 'T1049', 'T1033', 'T1007', 'T1204.001', 'T1007.002', 'T1047']"
 G0066 , Elderwood ,"['T1189', 'T1203', 'T1105', 'T1027.002', 'T1105.013', 'T1566.001', 'T1105.002', 'T1204.001', 'T1105.002']"
 G1003 , Ember Bear ,"['T1583', 'T1583.003', 'T1595.001', 'T1583.002', 'T1071.004', 'T1560', 'T1119', 'T1110', 'T1110.003', 'T1059.001', 'T1005', 'T1491.002', 'T1561.002', 'T1114', 'T1585', 'T1567.002', 'T1190', 'T1203', 'T1210', 'T1133', 'T1562.001', 'T1070.004', 'T1570', 'T1654', 'T1036', 'T1036.005', 'T1112', 'T1046', 'T1095', 'T1571', 'T1588.001', 'T1571.005', 'T1003', 'T1003.001', 'T1003.002', 'T1003.004', 'T1572', 'T1090.003', 'T1021', 'T1018', 'T1053.005', 'T1505.003', 'T1195', 'T1552.001', 'T1550.002', 'T1078.001', 'T1125', 'T1047']"
 G0020 , Equation ,"['T1480.001', 'T1564.005', 'T1120', 'T1542.002']"
 G0120 , Evilnum ,"['T1548.002', 'T1059.007', 'T1555', 'T1574.001', 'T1070.004', 'T1105', 'T1566.002', 'T1219', 'T1539', 'T1204.001', 'T1497.001']"
 G1011 , EXOTIC LILY ,"['T1583.001', 'T1585.001', 'T1539.002', 'T1203', 'T1589.002', 'T1566.001', 'T1203.002', 'T1203.003', 'T1597', 'T1593.001', 'T1594', 'T1608.001', 'T1204.001', 'T1594.002', 'T1102']"
 G0137 , Ferocious Kitten ,"['T1583.001', 'T1036.002', 'T1102.005', 'T1588.002', 'T1566.001', 'T1204.002']"
 G0051 , FIN10 ,"['T1547.001', 'T1059.001', 'T1102.003', 'T1070.004', 'T1570', 'T1588.002', 'T1021.001', 'T1053.005', 'T1033', 'T1078', 'T1078.003']"
 G1016 , FIN13 ,"['T1134.003', 'T1087', 'T1087.002', 'T1098.007', 'T1071.001', 'T1560.001', 'T1547.001', 'T1059.001', 'T1087.003', 'T1087.005', 'T1136.001', 'T1005', 'T1565', 'T1074.001', 'T1140', 'T1587.001', 'T1190', 'T1133', 'T1083', 'T1657', 'T1589', 'T1590.004', 'T1564.001', 'T1574.002', 'T1105', 'T1056.001', 'T1036', 'T1036.004', 'T1036.005', 'T1556', 'T1046', 'T1135', 'T1588.002', 'T1003.001', 'T1135.002', 'T1135.003', 'T1069', 'T1572', 'T1090.001', 'T1021.001', 'T1572.002', 'T1572.004', 'T1572.006', 'T1053.005', 'T1505.003', 'T1082', 'T1016', 'T1016.001', 'T1049', 'T1552.001', 'T1550.002', 'T1078.001', 'T1047']"
 G0085 , FIN4 ,"['T1071.001', 'T1059.005', 'T1114.002', 'T1564.008', 'T1056.001', 'T1047.002', 'T1566.001', 'T1047.002', 'T1090.003', 'T1204.001', 'T1047.002', 'T1078']"
 G0053 , FIN5 ,"['T1119', 'T1110', 'T1059', 'T1074.001', 'T1133', 'T1070.001', 'T1133.004', 'T1588.002', 'T1090.002', 'T1018', 'T1078']"
 G0037 , FIN6 ,"['T1134', 'T1087.002', 'T1560', 'T1560.003', 'T1119', 'T1547.001', 'T1110.002', 'T1059', 'T1059.001', 'T1059.003', 'T1059.007', 'T1555', 'T1555.003', 'T1213', 'T1005', 'T1074.002', 'T1573.002', 'T1048.003', 'T1068', 'T1562.001', 'T1070.004', 'T1036.004', 'T1046', 'T1095', 'T1027.010', 'T1588.002', 'T1003.001', 'T1095.003', 'T1566.001', 'T1095.003', 'T1572', 'T1021.001', 'T1018', 'T1053.005', 'T1553.002', 'T1569.002', 'T1204.002', 'T1078', 'T1102', 'T1047']"
 G0046 , FIN7 ,"['T1583.001', 'T1047.006', 'T1071.004', 'T1547.001', 'T1059', 'T1059.001', 'T1059.003', 'T1059.005', 'T1059.007', 'T1543.003', 'T1486', 'T1005', 'T1587.001', 'T1546.011', 'T1567.002', 'T1190', 'T1210', 'T1008', 'T1105', 'T1559.002', 'T1036.004', 'T1105.005', 'T1571', 'T1027.001', 'T1571.010', 'T1588.002', 'T1069.002', 'T1566.001', 'T1571.002', 'T1219', 'T1021.001', 'T1219.004', 'T1219.005', 'T1091', 'T1053.005', 'T1113', 'T1608.001', 'T1113.004', 'T1558.003', 'T1553.002', 'T1195.002', 'T1218.005', 'T1113.011', 'T1033', 'T1204.001', 'T1033.002', 'T1078', 'T1078.003', 'T1125', 'T1497.002', 'T1102.002', 'T1047']"
 G0061 , FIN8 ,"['T1134.001', 'T1071.001', 'T1560.001', 'T1059.001', 'T1047.003', 'T1486', 'T1074.002', 'T1482', 'T1573.002', 'T1546.003', 'T1048.003', 'T1068', 'T1070.001', 'T1068.004', 'T1105', 'T1112', 'T1027.010', 'T1588.002', 'T1112.003', 'T1003.001', 'T1566.001', 'T1112.002', 'T1055.004', 'T1021.001', 'T1112.002', 'T1018', 'T1053.005', 'T1518.001', 'T1082', 'T1016.001', 'T1033', 'T1204.001', 'T1033.002', 'T1078', 'T1102', 'T1047']"
 G0117 , Fox Kitten ,"['T1087.001', 'T1047.002', 'T1560.001', 'T1217', 'T1110', 'T1059', 'T1059.001', 'T1059.003', 'T1136.001', 'T1555.005', 'T1530', 'T1213.005', 'T1005', 'T1039', 'T1585', 'T1585.001', 'T1546.008', 'T1190', 'T1210', 'T1083', 'T1105', 'T1036.004', 'T1105.005', 'T1046', 'T1027.010', 'T1046.013', 'T1003.001', 'T1046.003', 'T1572', 'T1090', 'T1012', 'T1021.001', 'T1012.002', 'T1012.004', 'T1012.005', 'T1018', 'T1053.005', 'T1505.003', 'T1552.001', 'T1078', 'T1102']"
 G0093 , GALLIUM ,"['T1583.004', 'T1560.001', 'T1059.001', 'T1102.003', 'T1136.002', 'T1005', 'T1074.001', 'T1041', 'T1190', 'T1133', 'T1574.002', 'T1105', 'T1570', 'T1036.003', 'T1027', 'T1027.002', 'T1027.005', 'T1588.002', 'T1003.001', 'T1027.002', 'T1090.002', 'T1018', 'T1053.005', 'T1505.003', 'T1553.002', 'T1016', 'T1049', 'T1033', 'T1550.002', 'T1078', 'T1047']"
 G0084 , Gallmaker ,"['T1560.001', 'T1059.001', 'T1559.002', 'T1027', 'T1566.001', 'T1204.002']"
 G0047 , Gamaredon Group ,"['T1583.001', 'T1027.003', 'T1071.001', 'T1119', 'T1020', 'T1547.001', 'T1059.001', 'T1020.003', 'T1020.005', 'T1005', 'T1039', 'T1025', 'T1001', 'T1491.001', 'T1140', 'T1561.001', 'T1568', 'T1568.001', 'T1480', 'T1041', 'T1083', 'T1564.003', 'T1562.001', 'T1070.004', 'T1105', 'T1559.001', 'T1534', 'T1036.005', 'T1112', 'T1106', 'T1027', 'T1027.001', 'T1027.004', 'T1027.010', 'T1588.002', 'T1137', 'T1120', 'T1566.001', 'T1057', 'T1021.005', 'T1053.005', 'T1113', 'T1608.001', 'T1218.005', 'T1113.011', 'T1082', 'T1016.001', 'T1033', 'T1080', 'T1221', 'T1204.001', 'T1221.002', 'T1102', 'T1102.003', 'T1047']"
 G0036 , GCMAN ,"['T1021.004', 'T1047.005']"
 G0115 , GOLD SOUTHFIELD ,"['T1059.001', 'T1190', 'T1133', 'T1027.010', 'T1566', 'T1219', 'T1113', 'T1195.002', 'T1199']"
 G0078 , Gorgon Group ,"['T1547.001', 'T1199.009', 'T1059.001', 'T1199.003', 'T1199.005', 'T1140', 'T1564.003', 'T1562.001', 'T1105', 'T1112', 'T1106', 'T1588.002', 'T1566.001', 'T1055.002', 'T1106.012', 'T1204.002']"
 G0043 , Group5 ,"['T1070.004', 'T1056.001', 'T1027.013', 'T1113']"
 G0125 , HAFNIUM ,"['T1098', 'T1583.003', 'T1098.006', 'T1071.001', 'T1560.001', 'T1059.001', 'T1098.003', 'T1136.002', 'T1132.001', 'T1005', 'T1114.002', 'T1567.002', 'T1190', 'T1083', 'T1592.004', 'T1589.002', 'T1590', 'T1590.005', 'T1564.001', 'T1105', 'T1095', 'T1003.001', 'T1095.003', 'T1057', 'T1018', 'T1505.003', 'T1218.011', 'T1016', 'T1016.001', 'T1033', 'T1078.003']"
 G1001 , HEXANE ,"['T1134.001', 'T1087.003', 'T1098.002', 'T1583.001', 'T1033.002', 'T1010', 'T1110', 'T1110.003', 'T1059.001', 'T1110.003', 'T1110.005', 'T1586.002', 'T1555', 'T1555.003', 'T1486', 'T1561.002', 'T1114.002', 'T1585.001', 'T1486.002', 'T1546.003', 'T1041', 'T1567.002', 'T1190', 'T1589', 'T1589.002', 'T1591.004', 'T1562.001', 'T1589.002', 'T1105', 'T1056.001', 'T1534', 'T1570', 'T1036.005', 'T1046', 'T1027.010', 'T1588.002', 'T1046.003', 'T1003.001', 'T1069.001', 'T1057', 'T1021.001', 'T1057.002', 'T1018', 'T1053.005', 'T1505.003', 'T1518', 'T1608.001', 'T1082', 'T1016', 'T1016.001', 'T1049', 'T1033', 'T1204.002', 'T1078.001', 'T1102.002', 'T1047']"
 G0126 , Higaisa ,"['T1071.001', 'T1547.001', 'T1059.003', 'T1047.005', 'T1047.007', 'T1001.003', 'T1140', 'T1573.001', 'T1041', 'T1203', 'T1564.003', 'T1574.002', 'T1036.004', 'T1106', 'T1027.001', 'T1106.013', 'T1566.001', 'T1057', 'T1090.001', 'T1053.005', 'T1029', 'T1082', 'T1016', 'T1124', 'T1204.002', 'T1220']"
 G1032 , INC Ransom ,"['T1087.002', 'T1071', 'T1560.001', 'T1059.003', 'T1486', 'T1074', 'T1190', 'T1657', 'T1562.001', 'T1070.004', 'T1105', 'T1570', 'T1036.005', 'T1046', 'T1135', 'T1588.002', 'T1069.002', 'T1566', 'T1219', 'T1021.001', 'T1049', 'T1569.002', 'T1537', 'T1078', 'T1047']"
 G0100 , Inception ,"['T1071.001', 'T1547.001', 'T1059.001', 'T1047.005', 'T1555.003', 'T1005', 'T1573.001', 'T1203', 'T1083', 'T1027.013', 'T1588.002', 'T1069.002', 'T1566.001', 'T1057', 'T1090.003', 'T1518', 'T1218.005', 'T1518.010', 'T1082', 'T1221', 'T1204.002', 'T1102']"
 G0136 , IndigoZebra ,"['T1583.001', 'T1102.006', 'T1586.002', 'T1105', 'T1588.002', 'T1566.001', 'T1204.002']"
 G0119 , Indrik Spider ,"['T1583', 'T1059.001', 'T1583.003', 'T1583.007', 'T1584.004', 'T1136', 'T1136.001', 'T1555.005', 'T1486', 'T1074.001', 'T1587.001', 'T1484.001', 'T1585.002', 'T1567.002', 'T1590', 'T1562.001', 'T1070.001', 'T1105', 'T1036.005', 'T1112', 'T1003.001', 'T1012', 'T1021.001', 'T1012.004', 'T1018', 'T1489', 'T1558.003', 'T1007', 'T1552.001', 'T1204.002', 'T1078', 'T1078.002', 'T1047']"
 G0004 , Ke3chang ,"['T1087.001', 'T1047.002', 'T1071.001', 'T1047.004', 'T1560', 'T1560.001', 'T1119', 'T1020', 'T1547.001', 'T1059', 'T1059.003', 'T1543.003', 'T1213.002', 'T1005', 'T1140', 'T1587.001', 'T1114.002', 'T1041', 'T1190', 'T1133', 'T1083', 'T1105', 'T1056.001', 'T1036.002', 'T1105.005', 'T1027', 'T1588.002', 'T1003.001', 'T1027.002', 'T1027.003', 'T1027.004', 'T1069.002', 'T1057', 'T1021.002', 'T1018', 'T1558.001', 'T1082', 'T1614.001', 'T1016', 'T1049', 'T1033', 'T1007', 'T1569.002', 'T1078', 'T1078.004']"
 G0094 , Kimsuky ,"['T1098.007', 'T1583', 'T1583.001', 'T1583.004', 'T1583.006', 'T1557', 'T1071.001', 'T1557.002', 'T1557.003', 'T1560.001', 'T1557.003', 'T1547.001', 'T1176', 'T1059.001', 'T1176.003', 'T1176.005', 'T1176.006', 'T1176.007', 'T1586.002', 'T1584.001', 'T1136.001', 'T1543.003', 'T1555.003', 'T1005', 'T1074.001', 'T1140', 'T1587', 'T1587.001', 'T1114.002', 'T1587.003', 'T1585.001', 'T1587.002', 'T1546.001', 'T1041', 'T1567.002', 'T1190', 'T1133', 'T1083', 'T1657', 'T1589.002', 'T1657.003', 'T1591', 'T1564.002', 'T1591.003', 'T1562.001', 'T1591.004', 'T1070.004', 'T1591.006', 'T1105', 'T1056.001', 'T1534', 'T1036.004', 'T1534.005', 'T1112', 'T1111', 'T1040', 'T1027', 'T1027.002', 'T1588.002', 'T1027.005', 'T1003.001', 'T1566.001', 'T1027.002', 'T1598', 'T1598.003', 'T1057', 'T1055', 'T1055.012', 'T1012', 'T1620', 'T1219', 'T1021.001', 'T1053.005', 'T1593.001', 'T1219.002', 'T1594', 'T1505.003', 'T1518.001', 'T1608.001', 'T1553.002', 'T1218.005', 'T1594.010', 'T1594.011', 'T1082', 'T1016', 'T1007', 'T1552.001', 'T1550.002', 'T1204.001', 'T1007.002', 'T1078.003', 'T1102.002']"
 G1004 , LAPSUS$ ,"['T1531', 'T1087.002', 'T1098.003', 'T1583.003', 'T1586.002', 'T1584.002', 'T1136.003', 'T1555.003', 'T1531.005', 'T1485', 'T1213.001', 'T1485.002', 'T1485.003', 'T1485.005', 'T1005', 'T1114.003', 'T1068', 'T1133', 'T1589', 'T1589.001', 'T1589.002', 'T1591.002', 'T1589.004', 'T1656', 'T1578.002', 'T1656.003', 'T1111', 'T1621', 'T1588.001', 'T1621.002', 'T1003.003', 'T1621.006', 'T1069.002', 'T1598.004', 'T1090', 'T1597.002', 'T1593.003', 'T1489', 'T1199', 'T1552.008', 'T1204', 'T1078', 'T1078.004']"
 G0032 , Lazarus Group ,"['T1134.002', 'T1087.002', 'T1098', 'T1583.001', 'T1098.004', 'T1098.006', 'T1557.001', 'T1071.001', 'T1010', 'T1560', 'T1560.001', 'T1560.002', 'T1560.003', 'T1547.001', 'T1560.009', 'T1110.003', 'T1059.001', 'T1560.003', 'T1560.005', 'T1584.001', 'T1560.004', 'T1543.003', 'T1485', 'T1132.001', 'T1005', 'T1001.003', 'T1074.001', 'T1622', 'T1491.001', 'T1140', 'T1587.001', 'T1140.002', 'T1561.001', 'T1140.002', 'T1189', 'T1573.001', 'T1585.001', 'T1189.002', 'T1048.003', 'T1041', 'T1567.002', 'T1203', 'T1008', 'T1083', 'T1589.002', 'T1591', 'T1591.004', 'T1564.001', 'T1574.002', 'T1591.013', 'T1562.001', 'T1591.004', 'T1656', 'T1070', 'T1070.003', 'T1070.004', 'T1070.006', 'T1202', 'T1105', 'T1056.001', 'T1534', 'T1036.003', 'T1534.004', 'T1534.005', 'T1534.008', 'T1104', 'T1106', 'T1046', 'T1571', 'T1027.002', 'T1571.007', 'T1571.013', 'T1588.002', 'T1571.003', 'T1571.004', 'T1566.001', 'T1571.002', 'T1571.003', 'T1542.003', 'T1057', 'T1055.001', 'T1090.001', 'T1057.002', 'T1012', 'T1620', 'T1021.001', 'T1620.002', 'T1620.004', 'T1053.005', 'T1593.001', 'T1505.004', 'T1489', 'T1608.001', 'T1489.002', 'T1553.002', 'T1218', 'T1218.005', 'T1218.010', 'T1218.011', 'T1082', 'T1614.001', 'T1016', 'T1049', 'T1033', 'T1529', 'T1124', 'T1221', 'T1204.001', 'T1221.002', 'T1078', 'T1497.001', 'T1078.003', 'T1102.002', 'T1047', 'T1220', 'T0865']"
 G0140 , LazyScripter ,"['T1583.001', 'T0865.006', 'T1071.004', 'T1547.001', 'T1059.001', 'T0865.003', 'T0865.005', 'T0865.007', 'T1105', 'T1036', 'T1027.010', 'T1588.001', 'T1566.001', 'T1036.002', 'T1608.001', 'T1218.005', 'T1036.011', 'T1204.001', 'T1036.002', 'T1102']"
 G0077 , Leafminer ,"['T1110.003', 'T1059.007', 'T1136.001', 'T1555', 'T1555.003', 'T1189', 'T1114.002', 'T1083', 'T1046', 'T1027.010', 'T1588.002', 'T1003.001', 'T1046.004', 'T1046.005', 'T1055.013', 'T1018', 'T1552.001']"
 G0065 , Leviathan ,"['T1583.001', 'T1560', 'T1197', 'T1547.001', 'T1197.009', 'T1059.001', 'T1197.005', 'T1586.001', 'T1197.002', 'T1074.001', 'T1197.002', 'T1140', 'T1189', 'T1585.001', 'T1189.002', 'T1546.003', 'T1041', 'T1567.002', 'T1203', 'T1133', 'T1589.001', 'T1105', 'T1559.002', 'T1534', 'T1027.001', 'T1534.003', 'T1534.013', 'T1003', 'T1003.001', 'T1566.001', 'T1003.002', 'T1055.001', 'T1572', 'T1090.003', 'T1021.001', 'T1572.004', 'T1505.003', 'T1553.002', 'T1218.010', 'T1204.001', 'T1572.002', 'T1078', 'T1102.003', 'T1047']"
 G0030 , Lotus Blossom ,[]
 G1014 , LuminousMoth ,"['T1557.002', 'T1071.001', 'T1560', 'T1547.001', 'T1005', 'T1030', 'T1587.001', 'T1041', 'T1567.002', 'T1083', 'T1564.001', 'T1574.002', 'T1105', 'T1036.005', 'T1112', 'T1588.001', 'T1112.002', 'T1112.004', 'T1566.002', 'T1091', 'T1053.005', 'T1608.001', 'T1091.004', 'T1091.005', 'T1539', 'T1553.002', 'T1033', 'T1204.001']"
 G0095 , Machete ,"['T1059.003', 'T1033.005', 'T1033.006', 'T1189', 'T1036.005', 'T1566.001', 'T1189.002', 'T1053.005', 'T1218.007', 'T1204.001', 'T1189.002']"
 G0059 , Magic Hound ,"['T1087.003', 'T1098.002', 'T1189.007', 'T1583.001', 'T1189.006', 'T1595.002', 'T1071', 'T1071.001', 'T1560.001', 'T1547.001', 'T1059.001', 'T1071.003', 'T1071.005', 'T1586.002', 'T1584.001', 'T1136.001', 'T1486', 'T1005', 'T1482', 'T1189', 'T1114', 'T1114.001', 'T1114.002', 'T1573', 'T1585.001', 'T1573.002', 'T1567', 'T1190', 'T1083', 'T1592.002', 'T1589', 'T1589.001', 'T1589.002', 'T1590.005', 'T1591.001', 'T1564.003', 'T1562', 'T1562.001', 'T1562.002', 'T1562.004', 'T1070.003', 'T1562.004', 'T1105', 'T1056.001', 'T1570', 'T1036.004', 'T1570.005', 'T1570.010', 'T1112', 'T1046', 'T1571', 'T1027.010', 'T1571.013', 'T1588.002', 'T1003.001', 'T1566.002', 'T1571.003', 'T1598.003', 'T1057', 'T1572', 'T1090', 'T1021.001', 'T1018', 'T1053.005', 'T1113', 'T1505.003', 'T1218.011', 'T1082', 'T1016', 'T1016.001', 'T1016.002', 'T1049', 'T1033', 'T1204.001', 'T1033.002', 'T1078.001', 'T1033.002', 'T1102.002', 'T1047']"
 G1026 , Malteiro ,"['T1059.005', 'T1555', 'T1555.003', 'T1140', 'T1657', 'T1027.013', 'T1566.001', 'T1055.001', 'T1518.001', 'T1082', 'T1614.001', 'T1204.002']"
 G0045 , menuPass ,"['T1087.002', 'T1583.001', 'T1560', 'T1560.001', 'T1119', 'T1059.001', 'T1119.003', 'T1005', 'T1039', 'T1074.001', 'T1039.002', 'T1140', 'T1568.001', 'T1190', 'T1210', 'T1083', 'T1574.001', 'T1083.002', 'T1070.003', 'T1083.004', 'T1105', 'T1056.001', 'T1036', 'T1036.003', 'T1036.005', 'T1106', 'T1046', 'T1027.013', 'T1588.002', 'T1003.002', 'T1046.003', 'T1046.004', 'T1566.001', 'T1055.012', 'T1090.002', 'T1021.001', 'T1046.004', 'T1018', 'T1053.005', 'T1553.002', 'T1218.004', 'T1016', 'T1049', 'T1199', 'T1204.002', 'T1078', 'T1047']"
 G1013 , Metador ,"['T1071.001', 'T1059.003', 'T1546.003', 'T1070.004', 'T1105', 'T1095', 'T1027.013', 'T1588.001', 'T1095.002']"
 G0002 , Moafee ,['T1027.001']
 G0103 , Mofang ,"['T1027.013', 'T1566.001', 'T1095.002', 'T1204.001', 'T1095.002']"
 G0021 , Molerats ,"['T1547.001', 'T1059.001', 'T1095.005', 'T1095.007', 'T1555.003', 'T1140', 'T1105', 'T1027.013', 'T1566.001', 'T1105.002', 'T1057', 'T1053.005', 'T1553.002', 'T1218.007', 'T1204.001', 'T1057.002']"
 G1036 , Moonstone Sleet ,"['T1583.001', 'T1057.003', 'T1071.001', 'T1547.001', 'T1217', 'T1486', 'T1140', 'T1587', 'T1587.001', 'T1585.001', 'T1587.002', 'T1589.002', 'T1591', 'T1105', 'T1027', 'T1027.009', 'T1027.013', 'T1003.001', 'T1566.001', 'T1027.003', 'T1598', 'T1598.003', 'T1053.005', 'T1608.001', 'T1195.002', 'T1082', 'T1016', 'T1033', 'T1569.002', 'T1204.002']"
 G1009 , Moses Staff ,"['T1087.001', 'T1587.001', 'T1190', 'T1562.004', 'T1105', 'T1027.013', 'T1588.002', 'T1021.002', 'T1505.003', 'T1553.002', 'T1082', 'T1016']"
 G1019 , MoustachedBouncer ,"['T1059.001', 'T1016.007', 'T1659', 'T1074.002', 'T1068', 'T1027.002', 'T1090', 'T1113', 'T1655.001']"
 G0069 , MuddyWater ,"['T1548.002', 'T1087.002', 'T1583.006', 'T1071.001', 'T1560.001', 'T1547.001', 'T1059.001', 'T1113.003', 'T1113.005', 'T1113.006', 'T1113.007', 'T1555', 'T1555.003', 'T1132.001', 'T1074.001', 'T1140', 'T1573.001', 'T1041', 'T1190', 'T1203', 'T1210', 'T1083', 'T1574.002', 'T1562.001', 'T1105', 'T1559.001', 'T1105.002', 'T1036.005', 'T1104', 'T1027.003', 'T1104.004', 'T1104.010', 'T1588.002', 'T1137.001', 'T1003.001', 'T1104.004', 'T1104.005', 'T1566.001', 'T1104.002', 'T1057', 'T1090.002', 'T1219', 'T1053.005', 'T1113', 'T1518', 'T1518.001', 'T1218.003', 'T1518.005', 'T1518.011', 'T1082', 'T1016', 'T1049', 'T1033', 'T1552.001', 'T1204.001', 'T1033.002', 'T1102.002', 'T1047']"
 G0129 , Mustang Panda ,"['T1583.001', 'T1071.001', 'T1560.001', 'T1047.003', 'T1119', 'T1547.001', 'T1059.001', 'T1119.003', 'T1119.005', 'T1074.001', 'T1573.001', 'T1585.002', 'T1546.003', 'T1052.001', 'T1203', 'T1083', 'T1564.001', 'T1574.002', 'T1070.004', 'T1105', 'T1036.005', 'T1105.007', 'T1027', 'T1027.001', 'T1003.003', 'T1566.001', 'T1027.002', 'T1598.003', 'T1057', 'T1219', 'T1091', 'T1053.005', 'T1518', 'T1608', 'T1608.001', 'T1218.004', 'T1608.005', 'T1082', 'T1016', 'T1049', 'T1204.001', 'T1049.002', 'T1102', 'T1047']"
 G1020 , Mustard Tempest ,"['T1583.004', 'T1047.008', 'T1584.001', 'T1189', 'T1105', 'T1036.005', 'T1566.002', 'T1608.001', 'T1105.004', 'T1105.006', 'T1082', 'T1204.001']"
 G0019 , Naikon ,"['T1547.001', 'T1574.002', 'T1036.004', 'T1082.005', 'T1046', 'T1137.006', 'T1566.001', 'T1018', 'T1053.005', 'T1518.001', 'T1016', 'T1204.002', 'T1078.002', 'T1047']"
 G0055 , NEODYMIUM ,[]
 G0133 , Nomadic Octopus ,"['T1059.001', 'T1047.003', 'T1564.003', 'T1105', 'T1036', 'T1566.001', 'T1204.002']"
 G0049 , OilRig ,"['T1087.001', 'T1036.002', 'T1071.001', 'T1036.004', 'T1119', 'T1110', 'T1059', 'T1059.001', 'T1059.003', 'T1059.005', 'T1555', 'T1555.003', 'T1555.004', 'T1140', 'T1573.002', 'T1048.003', 'T1133', 'T1008', 'T1070.004', 'T1105', 'T1056.001', 'T1036', 'T1046', 'T1027.005', 'T1046.013', 'T1137.004', 'T1003.001', 'T1046.004', 'T1046.005', 'T1201', 'T1120', 'T1069.001', 'T1120.002', 'T1566.001', 'T1120.002', 'T1120.003', 'T1057', 'T1572', 'T1012', 'T1021.001', 'T1012.004', 'T1053.005', 'T1113', 'T1505.003', 'T1218.001', 'T1082', 'T1016', 'T1049', 'T1033', 'T1007', 'T1552.001', 'T1204.001', 'T1007.002', 'T1078', 'T1497.001', 'T1047', 'T0817', 'T0853', 'T0865', 'T0869', 'T0859']"
 G0071 , Orangeworm ,"['T1071.001', 'T1021.002']"
 G0040 , Patchwork ,"['T1548.002', 'T1560', 'T1119', 'T1197', 'T1547.001', 'T1059.001', 'T1197.003', 'T1197.005', 'T1555.003', 'T1132.001', 'T1005', 'T1074.001', 'T1587.002', 'T1189', 'T1203', 'T1083', 'T1574.002', 'T1070.004', 'T1105', 'T1559.002', 'T1036.005', 'T1112', 'T1027.001', 'T1112.002', 'T1112.005', 'T1112.010', 'T1588.002', 'T1566.001', 'T1112.002', 'T1598.003', 'T1055.012', 'T1021.001', 'T1053.005', 'T1518.001', 'T1553.002', 'T1082', 'T1033', 'T1204.001', 'T1033.002', 'T1102.001']"
 G0011 , PittyTiger ,"['T1588.002', 'T1078']"
 G0068 , PLATINUM ,"['T1189', 'T1068', 'T1105', 'T1056.001', 'T1105.004', 'T1036', 'T1095', 'T1003.001', 'T1566.001', 'T1055', 'T1204.002']"
 G1040 , Play ,"['T1560.001', 'T1059.001', 'T1055.003', 'T1030', 'T1587.001', 'T1048', 'T1190', 'T1133', 'T1083', 'T1657', 'T1562.001', 'T1070.001', 'T1657.004', 'T1105', 'T1027.010', 'T1588.002', 'T1003.001', 'T1057', 'T1021.002', 'T1018', 'T1518.001', 'T1082', 'T1016', 'T1078', 'T1078.002', 'T1078.003']"
 G1005 , POLONIUM ,"['T1583.006', 'T1567.002', 'T1588.002', 'T1090', 'T1199', 'T1078', 'T1102.002']"
 G0033 , Poseidon Group ,"['T1087.001', 'T1078.002', 'T1059.001', 'T1036.005', 'T1003', 'T1057', 'T1049', 'T1007']"
 G0056 , PROMETHIUM ,"['T1547.001', 'T1543.003', 'T1587.002', 'T1007.003', 'T1189', 'T1036.004', 'T1189.005', 'T1553.002', 'T1205.001', 'T1204.002', 'T1078.003', 'T1517', 'T1437.001', 'T1532', 'T1429', 'T1456', 'T1521.001', 'T1624.001', 'T1646', 'T1420', 'T1629.003', 'T1544', 'T1430', 'T1655.001', 'T1406', 'T1636.002', 'T1406.003', 'T1406.004', 'T1418', 'T1426', 'T1421']"
 G0024 , Putter Panda ,"['T1547.001', 'T1562.001', 'T1027.013', 'T1055.001']"
 G0075 , Rancor ,"['T1071.001', 'T1059.003', 'T1421.005', 'T1546.003', 'T1105', 'T1566.001', 'T1053.005', 'T1218.007', 'T1204.002']"
 G1039 , RedCurl ,"['T1087.001', 'T1105.002', 'T1105.003', 'T1071.001', 'T1560.001', 'T1119', 'T1020', 'T1547.001', 'T1059.001', 'T1020.003', 'T1020.005', 'T1020.006', 'T1555.003', 'T1005', 'T1039', 'T1587.001', 'T1114.001', 'T1573.001', 'T1039.002', 'T1083', 'T1564.001', 'T1070.004', 'T1202', 'T1056.002', 'T1036.005', 'T1046', 'T1027', 'T1003.001', 'T1566.001', 'T1027.002', 'T1053.005', 'T1218.011', 'T1082', 'T1080', 'T1537', 'T1199', 'T1552.001', 'T1199.002', 'T1204.001', 'T1199.002', 'T1102']"
 G0106 , Rocke ,"['T1071', 'T1071.001', 'T1547.001', 'T1037', 'T1059.004', 'T1037.006', 'T1543.002', 'T1140', 'T1190', 'T1222.002', 'T1564.001', 'T1574.006', 'T1562.001', 'T1190.004', 'T1070.002', 'T1190.004', 'T1190.006', 'T1105', 'T1036.005', 'T1046', 'T1571', 'T1027', 'T1027.002', 'T1027.004', 'T1057', 'T1055.002', 'T1021.004', 'T1018', 'T1496.001', 'T1014', 'T1053.003', 'T1518.001', 'T1082', 'T1552.004', 'T1102', 'T1102.001']"
 G0048 , RTM ,"['T1547.001', 'T1189', 'T1574.001', 'T1566.001', 'T1219', 'T1204.002', 'T1102.001']"
 G1031 , Saint Bear ,"['T1583.006', 'T1059', 'T1059.001', 'T1059.003', 'T1059.007', 'T1203', 'T1589.002', 'T1562.001', 'T1656', 'T1112', 'T1027.002', 'T1112.013', 'T1566.001', 'T1608.001', 'T1553.002', 'T1204.001', 'T1112.002', 'T1497']"
 G0034 , Sandworm Team ,"['T1087.002', 'T1497.003', 'T1098', 'T1583', 'T1583.001', 'T1583.004', 'T1595.002', 'T1071.001', 'T1110', 'T1059.001', 'T1110.003', 'T1110.005', 'T1586.001', 'T1554', 'T1584.004', 'T1554.005', 'T1136.002', 'T1543.002', 'T1554.003', 'T1555.003', 'T1485', 'T1132.001', 'T1486', 'T1213', 'T1005', 'T1491.002', 'T1140', 'T1587.001', 'T1561.002', 'T1484.001', 'T1499', 'T1585.001', 'T1499.002', 'T1041', 'T1190', 'T1203', 'T1133', 'T1083', 'T1592.002', 'T1589.002', 'T1083.003', 'T1590.001', 'T1591.002', 'T1562.001', 'T1083.002', 'T1070.004', 'T1105', 'T1490', 'T1056.001', 'T1570', 'T1036', 'T1036.004', 'T1036.005', 'T1036.008', 'T1036.010', 'T1112', 'T1106', 'T1040', 'T1095', 'T1571', 'T1027', 'T1027.002', 'T1027.010', 'T1588.002', 'T1027.006', 'T1003.001', 'T1027.003', 'T1566.001', 'T1027.002', 'T1598.003', 'T1055', 'T1572', 'T1090', 'T1219', 'T1021.002', 'T1018', 'T1053.005', 'T1593', 'T1594', 'T1505.001', 'T1594.003', 'T1489', 'T1072', 'T1608.001', 'T1539', 'T1195', 'T1195.002', 'T1218.011', 'T1082', 'T1049', 'T1033', 'T1199', 'T1204.001', 'T1199.002', 'T1078', 'T1078.002', 'T1102.002', 'T1047', 'T1660', 'T1409', 'T0895', 'T0803', 'T0804', 'T0805', 'T0807', 'T0885', 'T0884', 'T0813', 'T0814', 'T0816', 'T0819', 'T0822', 'T0823', 'T0867', 'T0826', 'T0827', 'T0828', 'T0831', 'T0849', 'T0886', 'T0846', 'T0853', 'T0894', 'T0857', 'T0855', 'T0859']"
 G0029 , Scarlet Mimic ,['T1036.002']
 G1015 , Scattered Spider ,"['T1087.002', 'T0859.003', 'T0859.004', 'T1098.001', 'T0859.003', 'T0859.005', 'T1217', 'T1580', 'T1538', 'T1136', 'T1486', 'T1530', 'T1213.002', 'T1530.003', 'T1530.005', 'T1074', 'T1006', 'T1484.002', 'T1114', 'T1567.002', 'T1190', 'T1068', 'T1133', 'T1083', 'T1657', 'T1589.001', 'T1564.008', 'T1656', 'T1105', 'T1556.006', 'T1105.009', 'T1578.002', 'T1621', 'T1046', 'T1588.002', 'T1003.003', 'T1046.006', 'T1069.003', 'T1566.004', 'T1598', 'T1598.001', 'T1598.004', 'T1572', 'T1090', 'T1219', 'T1021.007', 'T1018', 'T1539', 'T1553.002', 'T1552.001', 'T1539.004', 'T1204', 'T1078.004', 'T1102', 'T1047', 'T1660']"
 G1008 , SideCopy ,"['T1059.005', 'T1584.001', 'T1574.002', 'T1105', 'T1036.005', 'T1106', 'T1566.001', 'T1598.002', 'T1518', 'T1518.001', 'T1608.001', 'T1218.005', 'T1082', 'T1614', 'T1016', 'T1204.002']"
 G0121 , Sidewinder ,"['T1071.001', 'T1119', 'T1020', 'T1547.001', 'T1059.001', 'T1020.005', 'T1020.007', 'T1074.001', 'T1203', 'T1083', 'T1574.002', 'T1105', 'T1559.002', 'T1036.005', 'T1027.010', 'T1105.013', 'T1566.001', 'T1105.002', 'T1598.002', 'T1105.003', 'T1057', 'T1518', 'T1518.001', 'T1218.005', 'T1082', 'T1016', 'T1033', 'T1124', 'T1204.001', 'T1124.002']"
 G0091 , Silence ,"['T1547.001', 'T1059.001', 'T1124.003', 'T1124.005', 'T1124.007', 'T1070.004', 'T1105', 'T1036.005', 'T1112', 'T1106', 'T1571', 'T1027.010', 'T1588.002', 'T1003.001', 'T1566.001', 'T1055', 'T1090.002', 'T1021.001', 'T1018', 'T1053.005', 'T1113', 'T1072', 'T1553.002', 'T1218.001', 'T1569.002', 'T1204.002', 'T1078', 'T1125']"
 G0122 , Silent Librarian ,"['T1583.001', 'T1110.003', 'T1114', 'T1114.003', 'T1585.002', 'T1589.002', 'T1114.003', 'T1588.002', 'T1114.004', 'T1598.003', 'T1594', 'T1608.005', 'T1078']"
 G0083 , SilverTerrier ,"['T1071.001', 'T1078.002', 'T1078.003', 'T1657']"
 G0054 , Sowbug ,"['T1560.001', 'T1059.003', 'T1039', 'T1083', 'T1056.001', 'T1036.005', 'T1135', 'T1003', 'T1082']"
 G1033 , Star Blizzard ,"['T1583', 'T1583.001', 'T1059.007', 'T1586.002', 'T1114.002', 'T1583.003', 'T1585.001', 'T1583.002', 'T1589', 'T1588.002', 'T1566.001', 'T1598.002', 'T1589.003', 'T1593', 'T1608.001', 'T1539', 'T1550.004', 'T1204.002', 'T1078']"
 G0038 , Stealth Falcon ,"['T1071.001', 'T1059', 'T1059.001', 'T1555', 'T1555.003', 'T1555.004', 'T1005', 'T1573.001', 'T1041', 'T1057', 'T1012', 'T1053.005', 'T1082', 'T1016', 'T1033', 'T1047']"
 G0041 , Strider ,"['T1564.005', 'T1556.002', 'T1090.001']"
 G0039 , Suckfly ,"['T1059.003', 'T1046', 'T1003', 'T1553.002', 'T1078']"
 G1018 , TA2541 ,"['T1583.001', 'T1078.006', 'T1547.001', 'T1059.001', 'T1078.005', 'T1568', 'T1573.002', 'T1562.001', 'T1105', 'T1036.005', 'T1027.002', 'T1105.013', 'T1588.001', 'T1105.002', 'T1566.001', 'T1105.002', 'T1055', 'T1055.012', 'T1053.005', 'T1518.001', 'T1608.001', 'T1218.005', 'T1082', 'T1016.001', 'T1204.001', 'T1082.002', 'T1047']"
 G0062 , TA459 ,"['T1059.001', 'T1047.005', 'T1203', 'T1566.001', 'T1204.002']"
 G0092 , TA505 ,"['T1087.003', 'T1583.001', 'T1071.001', 'T1059.001', 'T1203.003', 'T1203.005', 'T1203.007', 'T1555.003', 'T1486', 'T1140', 'T1568.001', 'T1562.001', 'T1105', 'T1559.002', 'T1112', 'T1106', 'T1027.002', 'T1106.010', 'T1106.013', 'T1588.001', 'T1106.002', 'T1069', 'T1566.001', 'T1069.002', 'T1055.001', 'T1608.001', 'T1553.002', 'T1069.005', 'T1218.007', 'T1069.011', 'T1552.001', 'T1204.001', 'T1069.002', 'T1078.002']"
 G0127 , TA551 ,"['T1071.001', 'T1059.003', 'T1132.001', 'T1568.002', 'T1589.002', 'T1105', 'T1036', 'T1027.003', 'T1036.010', 'T1566.001', 'T1218.005', 'T1036.010', 'T1036.011', 'T1204.002']"
 G1037 , TA577 ,"['T1059.003', 'T1036.007', 'T1586.002', 'T1027.009', 'T1566.002', 'T1204.001']"
 G1038 , TA578 ,"['T1583.006', 'T1059.007', 'T1594', 'T1204.001']"
 G0139 , TeamTNT ,"['T1098.004', 'T1583.001', 'T1595.001', 'T1594.002', 'T1071', 'T1071.001', 'T1547.001', 'T1059.001', 'T1071.003', 'T1071.004', 'T1071.009', 'T1609', 'T1613', 'T1136.001', 'T1543.002', 'T1613.003', 'T1074.001', 'T1140', 'T1610', 'T1587.001', 'T1611', 'T1048', 'T1133', 'T1083', 'T1222.002', 'T1562.001', 'T1083.004', 'T1070.002', 'T1083.003', 'T1083.004', 'T1105', 'T1036', 'T1036.005', 'T1046', 'T1027.002', 'T1046.013', 'T1120', 'T1057', 'T1219', 'T1021.004', 'T1496.001', 'T1014', 'T1518.001', 'T1608.001', 'T1082', 'T1016', 'T1049', 'T1007', 'T1569', 'T1552.001', 'T1569.004', 'T1569.005', 'T1204.003', 'T1102']"
 G0088 , TEMP.Veles ,"['T1583.003', 'T1595', 'T1059.001', 'T1074.001', 'T1587.001', 'T1573', 'T1546.012', 'T1133', 'T1070.004', 'T1133.006', 'T1056.003', 'T1036.005', 'T1571', 'T1027.005', 'T1588.002', 'T1003.001', 'T1572', 'T1021.001', 'T1572.004', 'T1053.005', 'T1505.003', 'T1078', 'T0830', 'T0807', 'T0817', 'T0872', 'T0867', 'T0828', 'T0843', 'T0886', 'T0853', 'T0862', 'T0855', 'T0859']"
 G0089 , The White Company ,"['T1203', 'T1070.004', 'T1027.002', 'T1566.001', 'T1518.001', 'T1124', 'T1204.002']"
 G0028 , Threat Group-1314 ,"['T1059.003', 'T1021.002', 'T1072', 'T1078.002']"
 G0027 , Threat Group-3390 ,"['T1548.002', 'T1087.001', 'T1583.001', 'T1071.001', 'T1560.002', 'T1119', 'T1547.001', 'T1059.001', 'T1119.003', 'T1543.003', 'T1555.005', 'T1005', 'T1074.001', 'T1005.002', 'T1030', 'T1140', 'T1189', 'T1567.002', 'T1190', 'T1203', 'T1068', 'T1210', 'T1133', 'T1574.001', 'T1133.002', 'T1562.002', 'T1070.004', 'T1133.005', 'T1105', 'T1056.001', 'T1112', 'T1046', 'T1027.002', 'T1046.013', 'T1588.002', 'T1046.003', 'T1003.001', 'T1046.002', 'T1046.004', 'T1566.001', 'T1055.012', 'T1012', 'T1021.006', 'T1018', 'T1053.002', 'T1505.003', 'T1608.001', 'T1018.002', 'T1018.004', 'T1195.002', 'T1016', 'T1049', 'T1033', 'T1199', 'T1204.002', 'T1078', 'T1047']"
 G0076 , Thrip ,"['T1059.001', 'T1048.003', 'T1588.002', 'T1219']"
 G1022 , ToddyCat ,"['T1087.002', 'T1560.001', 'T1059.001', 'T1219.003', 'T1005', 'T1074.002', 'T1567.002', 'T1190', 'T1083', 'T1564.003', 'T1562.004', 'T1036.005', 'T1106', 'T1095', 'T1069.002', 'T1566.003', 'T1057', 'T1021.002', 'T1018', 'T1053.005', 'T1518.001', 'T1082', 'T1049', 'T1078.002', 'T1047']"
 G0131 , Tonto Team ,"['T1059.001', 'T1047.006', 'T1203', 'T1068', 'T1210', 'T1574.001', 'T1105', 'T1056.001', 'T1135', 'T1003', 'T1069.001', 'T1566.001', 'T1090.002', 'T1505.003', 'T1204.002']"
 G0134 , Transparent Tribe ,"['T1583.001', 'T1059.005', 'T1584.001', 'T1587.003', 'T1189', 'T1568', 'T1203', 'T1564.001', 'T1036.005', 'T1027.013', 'T1566.001', 'T1203.002', 'T1608.001', 'T1203.004', 'T1204.001', 'T1203.002']"
 G0081 , Tropic Trooper ,"['T1071.001', 'T1203.004', 'T1119', 'T1020', 'T1547.001', 'T1020.004', 'T1059.003', 'T1543.003', 'T1132.001', 'T1140', 'T1573', 'T1573.002', 'T1052.001', 'T1203', 'T1083', 'T1564.001', 'T1574.002', 'T1070.004', 'T1105', 'T1036.005', 'T1106', 'T1046', 'T1135', 'T1027.003', 'T1135.013', 'T1566.001', 'T1057', 'T1055.001', 'T1091', 'T1505.003', 'T1518', 'T1518.001', 'T1082', 'T1016', 'T1049', 'T1033', 'T1221', 'T1204.002', 'T1078.003']"
 G0010 , Turla ,"['T1134.002', 'T1087.001', 'T1221.002', 'T1583.006', 'T1071.001', 'T1221.003', 'T1560.001', 'T1547.001', 'T1221.004', 'T1110', 'T1059.001', 'T1110.003', 'T1110.005', 'T1110.006', 'T1110.007', 'T1584.003', 'T1110.004', 'T1110.006', 'T1555.004', 'T1213', 'T1005', 'T1025', 'T1140', 'T1587.001', 'T1189', 'T1546.003', 'T1189.013', 'T1567.002', 'T1068', 'T1083', 'T1615', 'T1564.012', 'T1562.001', 'T1105', 'T1570', 'T1036.005', 'T1112', 'T1106', 'T1027.005', 'T1106.010', 'T1106.011', 'T1588.001', 'T1106.002', 'T1201', 'T1120', 'T1069.001', 'T1120.002', 'T1566.002', 'T1057', 'T1055', 'T1055.001', 'T1090', 'T1090.001', 'T1012', 'T1021.002', 'T1018', 'T1518.001', 'T1553.006', 'T1082', 'T1016', 'T1016.001', 'T1049', 'T1007', 'T1124', 'T1204.001', 'T1078.003', 'T1102', 'T1102.002']"
 G1029 , UNC788 ,['T1660']
 G0123 , Volatile Cedar ,"['T1595.002', 'T1660.003', 'T1190', 'T1105', 'T1505.003']"
 G1017 , Volt Typhoon ,"['T1087.001', 'T1105.002', 'T1583.003', 'T1071.001', 'T1010', 'T1560.001', 'T1217', 'T1059.001', 'T1217.003', 'T1217.004', 'T1584.003', 'T1217.004', 'T1217.005', 'T1217.008', 'T1555', 'T1555.003', 'T1005', 'T1074', 'T1074.001', 'T1587.001', 'T1074.004', 'T1006', 'T1573.001', 'T1006.002', 'T1546', 'T1190', 'T1068', 'T1133', 'T1083', 'T1222.002', 'T1592', 'T1589', 'T1589.002', 'T1590', 'T1590.004', 'T1590.006', 'T1591', 'T1591.004', 'T1562.001', 'T1070.001', 'T1591.004', 'T1591.007', 'T1105', 'T1056.001', 'T1570', 'T1654', 'T1036.004', 'T1654.005', 'T1654.008', 'T1112', 'T1046', 'T1095', 'T1571', 'T1027.002', 'T1588.002', 'T1571.006', 'T1003.001', 'T1571.003', 'T1120', 'T1069', 'T1069.001', 'T1069.002', 'T1057', 'T1055.009', 'T1090', 'T1090.001', 'T1090.003', 'T1012', 'T1021.001', 'T1018', 'T1113', 'T1596.005', 'T1593', 'T1594', 'T1505.003', 'T1518', 'T1518.001', 'T1218', 'T1082', 'T1614', 'T1016', 'T1016.001', 'T1049', 'T1033', 'T1007', 'T1124', 'T1552', 'T1552.004', 'T1078', 'T1078.002', 'T1497.001', 'T1047']"
 G0107 , Whitefly ,"['T1059', 'T1068', 'T1574.001', 'T1105', 'T1036.005', 'T1027.013', 'T1588.002', 'T1003.001', 'T1204.002']"
 G0124 , Windigo ,"['T1059', 'T1005', 'T1189', 'T1083', 'T1090', 'T1518', 'T1082']"
 G0112 , Windshift ,"['T1071.001', 'T1547.001', 'T1059.005', 'T1189', 'T1105', 'T1036', 'T1036.001', 'T1027', 'T1566.001', 'T1027.002', 'T1027.003', 'T1057', 'T1518', 'T1518.001', 'T1082', 'T1033', 'T1204.001', 'T1033.002', 'T1047', 'T1429', 'T1533', 'T1407', 'T1521.001', 'T1627.001', 'T1420', 'T1628.003', 'T1417.001', 'T1430', 'T1406', 'T1636.003', 'T1406.004', 'T1632.001', 'T1426', 'T1512', 'T1633.001']"
 G0044 , Winnti Group ,"['T1583.001', 'T1083', 'T1105', 'T1057', 'T1014', 'T1553.002']"
 G1035 , Winter Vivern ,"['T1583.001', 'T1014.003', 'T1595.002', 'T1071.001', 'T1119', 'T1020', 'T1059', 'T1059.001', 'T1059.003', 'T1059.007', 'T1584.006', 'T1140', 'T1189', 'T1114.001', 'T1041', 'T1190', 'T1083', 'T1105', 'T1056.003', 'T1036', 'T1036.004', 'T1566.001', 'T1053.005', 'T1113', 'T1082', 'T1033', 'T1204.001']"
 G0090 , WIRTE ,"['T1071.001', 'T1059.001', 'T1033.005', 'T1140', 'T1105', 'T1036.005', 'T1571', 'T1588.002', 'T1566.001', 'T1218.010', 'T1204.002']"
 G0102 , Wizard Spider ,"['T1087.002', 'T1557.001', 'T1071.001', 'T1560.001', 'T1197', 'T1547.001', 'T1197.004', 'T1059.001', 'T1197.003', 'T1136.001', 'T1197.002', 'T1543.003', 'T1555.004', 'T1005', 'T1074', 'T1074.001', 'T1585.002', 'T1048.003', 'T1041', 'T1567.002', 'T1210', 'T1133', 'T1222.001', 'T1562.001', 'T1070.004', 'T1105', 'T1490', 'T1570', 'T1036.004', 'T1112', 'T1135', 'T1027.010', 'T1588.002', 'T1135.003', 'T1003.001', 'T1135.002', 'T1135.003', 'T1566.001', 'T1135.002', 'T1055', 'T1055.001', 'T1021', 'T1021.001', 'T1021.002', 'T1021.006', 'T1018', 'T1053.005', 'T1489', 'T1518', 'T1518.001', 'T1558.003', 'T1553.002', 'T1218.011', 'T1082', 'T1016', 'T1033', 'T1569.002', 'T1552.006', 'T1550.002', 'T1204.001', 'T1033.002', 'T1078', 'T1078.002', 'T1047']"
 G0128 , ZIRCONIUM ,"['T1583.001', 'T1047.006', 'T1547.001', 'T1059.003', 'T1047.006', 'T1584.008', 'T1555.003', 'T1140', 'T1573.001', 'T1041', 'T1567.002', 'T1068', 'T1105', 'T1036', 'T1036.004', 'T1027.002', 'T1566.002', 'T1598', 'T1598.003', 'T1090.003', 'T1012', 'T1218.007', 'T1082', 'T1016', 'T1033', 'T1124', 'T1204.001', 'T1102.002']"
